time,ball_type,label,size_mm,w@40N,comp_total_5to40,creep_1p5s,contact_N,verdict,force_width_points
17:53:33,baseball,소프트,71.2,68.1,3.1,0.2,10.0,🟠 소프트 (야구),10:71.2;40:68.1
17:53:50,baseball,소프트,70.9,68.1,2.8,0.0,10.0,🟠 소프트 (야구),10:70.9;40:68.1
17:54:06,baseball,소프트,73.0,69.2,3.8,0.0,10.0,🟠 소프트 (야구),10:73.0;40:69.2
17:54:27,baseball,소프트,71.3,68.2,3.1,0.0,10.0,🟠 소프트 (야구),10:71.3;40:68.2
17:54:43,baseball,소프트,70.8,67.9,2.9,0.0,10.0,🟠 소프트 (야구),10:70.8;40:67.9
17:55:15,baseball,소프트,70.8,67.7,3.1,0.0,10.0,🟠 소프트 (야구),10:70.8;40:67.7
17:55:31,baseball,소프트,70.7,67.3,3.4,0.0,10.0,🟠 소프트 (야구),10:70.7;40:67.3
17:56:01,baseball,하드,69.8,68.1,1.7,0.0,10.0,🟠 소프트 (야구),10:69.8;40:68.1
17:56:21,baseball,하드,72.0,69.7,2.3,0.1,10.0,🟠 소프트 (야구),10:72.0;40:69.7
17:56:38,baseball,하드,69.8,68.3,1.5,0.0,10.0,🟡 하드 (야구),10:69.8;40:68.3
17:56:53,baseball,하드,73.0,71.3,1.7,0.0,10.0,🟠 소프트 (야구),10:73.0;40:71.3
17:57:16,baseball,하드,69.4,67.8,1.6,0.0,10.0,🔵 무압 (정상),10:69.4;40:67.8
17:57:33,baseball,하드,69.1,67.7,1.4,0.0,10.0,🔵 무압 (정상),10:69.1;40:67.7
17:57:51,baseball,하드,69.4,67.7,1.7,0.0,5.0,🟢 유압 (정상),5:69.4;40:67.7
17:58:12,baseball,하드,72.4,70.8,1.6,0.0,10.0,🟠 소프트 (야구),10:72.4;40:70.8
17:59:02,tennis,무압,64.6,62.2,2.4,0.0,5.0,🟢 유압 (정상),5:64.6;40:62.2
17:59:14,tennis,무압,63.6,60.8,2.8,0.0,5.0,🟢 유압 (정상),5:63.6;40:60.8
17:59:26,tennis,무압,63.6,60.9,2.7,0.0,5.0,🟢 유압 (정상),5:63.6;40:60.9
17:59:37,tennis,무압,63.6,61.1,2.5,0.2,5.0,🟢 유압 (정상),5:63.6;40:61.1
17:59:47,tennis,무압,64.0,61.6,2.4,0.0,5.0,🟢 유압 (정상),5:64.0;40:61.6
17:59:59,tennis,무압,63.9,61.6,2.3,0.0,5.0,🟢 유압 (정상),5:63.9;40:61.6
18:00:11,tennis,무압,63.6,61.1,2.5,0.0,5.0,🟢 유압 (정상),5:63.6;40:61.1
18:00:24,tennis,무압,63.5,61.1,2.4,0.0,5.0,🟢 유압 (정상),5:63.5;40:61.1
18:00:49,tennis,구멍,64.6,58.6,6.0,0.0,5.0,🔴 구멍 (불량),5:64.6;40:58.6
18:01:45,tennis,구멍,64.4,56.6,7.8,0.0,5.0,⚠️ 접촉감지 오류 (재시도),5:64.4;40:56.6
18:02:06,tennis,구멍,64.6,56.6,8.0,0.0,5.0,⚠️ 접촉감지 오류 (재시도),5:64.6;40:56.6
18:02:19,tennis,구멍,64.9,58.6,6.3,0.0,5.0,⚠️ 접촉감지 오류 (재시도),5:64.9;40:58.6
18:02:33,tennis,구멍,64.8,57.6,7.2,0.0,5.0,⚠️ 접촉감지 오류 (재시도),5:64.8;40:57.6
18:02:49,tennis,구멍,64.6,57.6,7.0,0.0,5.0,⚠️ 접촉감지 오류 (재시도),5:64.6;40:57.6
18:03:15,tennis,구멍,64.3,56.5,7.8,0.0,5.0,⚠️ 접촉감지 오류 (재시도),5:64.3;40:56.5
18:03:28,tennis,구멍,64.6,55.9,8.7,0.0,5.0,⚠️ 접촉감지 오류 (재시도),5:64.6;40:55.9
18:03:48,tennis,유압,65.2,60.4,4.8,0.0,5.0,🔴 구멍 (불량),5:65.2;40:60.4
18:04:02,tennis,유압,65.3,60.7,4.6,0.0,5.0,🔴 구멍 (불량),5:65.3;40:60.7
18:04:15,tennis,유압,64.9,60.1,4.8,0.0,5.0,🔴 구멍 (불량),5:64.9;40:60.1
18:04:31,tennis,유압,64.8,60.3,4.5,0.0,5.0,🔴 구멍 (불량),5:64.8;40:60.3
18:04:42,tennis,유압,65.5,60.9,4.6,0.0,5.0,🔴 구멍 (불량),5:65.5;40:60.9
18:05:00,tennis,유압,64.9,60.1,4.8,0.0,5.0,🔴 구멍 (불량),5:64.9;40:60.1
18:05:10,tennis,유압,64.7,60.0,4.7,0.0,5.0,🔴 구멍 (불량),5:64.7;40:60.0
18:05:23,tennis,유압,65.2,60.7,4.5,0.0,5.0,🔴 구멍 (불량),5:65.2;40:60.7
18:06:03,tennis,유압,64.9,60.3,4.6,0.0,5.0,🟢 유압 (정상),5:64.9;40:60.3
18:07:12,tennis,유압,64.8,59.8,5.0,0.0,5.0,🟢 유압 (정상),5:64.8;40:59.8
18:07:40,tennis,무압,64.8,62.2,2.6,0.0,5.0,🟢 유압 (정상),5:64.8;40:62.2
18:08:30,tennis,무압,63.9,61.3,2.6,0.0,5.0,🔵 무압 (정상),5:63.9;40:61.3
18:09:09,tennis,무압,63.6,61.3,2.3,0.1,5.0,🔵 무압 (정상),5:63.6;40:61.3
18:09:22,tennis,무압,63.8,61.2,2.6,0.0,5.0,🔵 무압 (정상),5:63.8;40:61.2
18:10:26,tennis,무압,63.6,61.2,2.4,0.1,5.0,🔵 무압 (정상),5:63.6;40:61.2
18:10:49,tennis,무압,63.5,60.9,2.6,0.1,5.0,🔵 무압 (정상),5:63.5;40:60.9
18:11:05,tennis,유압,65.5,61.1,4.4,0.0,5.0,🟢 유압 (정상),5:65.5;40:61.1
18:11:23,tennis,유압,64.7,60.1,4.6,0.0,5.0,🟢 유압 (정상),5:64.7;40:60.1
18:11:51,tennis,구멍,65.6,58.6,7.0,0.0,5.0,🔴 구멍 (불량),5:65.6;40:58.6
18:12:06,tennis,구멍,64.7,57.6,7.1,0.0,5.0,🔴 구멍 (불량),5:64.7;40:57.6
18:12:44,baseball,하드,70.9,69.4,1.5,0.0,10.0,🟡 하드 (야구),10:70.9;40:69.4
18:13:02,baseball,하드,69.4,67.9,1.5,0.0,10.0,🟡 하드 (야구),10:69.4;40:67.9
18:13:19,baseball,하드,69.3,67.7,1.6,0.0,10.0,🟡 하드 (야구),10:69.3;40:67.7
18:13:41,baseball,소프트,71.2,67.7,3.5,0.0,10.0,🟠 소프트 (야구),10:71.2;40:67.7
18:13:58,baseball,소프트,72.9,69.4,3.5,0.0,10.0,🟠 소프트 (야구),10:72.9;40:69.4
